kernel,accuracy,precision,recall,f1-score
linear,0.96,0.9616580310880829,0.96,0.9531505531505531
poly,0.985,0.9852393617021277,0.985,0.9842269883824843
rbf,0.97,0.9709424083769633,0.97,0.9664893617021276
sigmoid,0.91,0.8545685279187818,0.91,0.881413612565445
